name,city,state,address,zip,phone,website,rating,reviews,mobile_score,problem_found,pitch_angle,source
Injury Lawyer,Glendale,AZ,7448 West Glendale Avenue,85303,,,,,N/A,No website,,osm
Law Office of Nancy L. Khiel,Glendale,AZ,5870 West Thunderbird Road,85306,,,,,N/A,No website,,osm
Kimerer & Derrick P.C,Phoenix,AZ,1313 East Osborn Road,85014,,,,,N/A,No website,,osm
Scott Skelly & Muchmore LLC,Phoenix,AZ,1313 East Osborn Road,85014,,,,,N/A,No website,,osm
The Doyle Firm P.C,Phoenix,AZ,1313 East Osborn Road,85014,,,,,N/A,No website,,osm
Robert J. Lord PLC,Phoenix,AZ,1313 East Osborn Road,85014,,,,,N/A,No website,,osm
Scott M Golden Law Offices,Phoenix,AZ,1313 East Osborn Road,85014,,,,,N/A,No website,,osm
Van Norman Law,Scottsdale,AZ,7272 East Indian School Road,85251,,,,,N/A,No website,,osm
The Aurit Center For Divorce Mediation,Phoenix,,,,,,,,N/A,No website,,osm
Buchalter,Phoenix,,,,,,,,N/A,No website,,osm
Why Pay A Lawyer?,Phoenix,,,,,,,,N/A,No website,,osm
Potts Law Offices PLLC,Phoenix,,,,,,,,N/A,No website,,osm
D Romero Law,Phoenix,,,,,,,,N/A,No website,,osm
"George F. Klink, Attorney at Law",Phoenix,AZ,714 North 3rd Street,85004,+1-602-253-3889,,,,N/A,No website,,osm
Swan Robert G,Phoenix,AZ,714 North 3rd Street,85004,+1-602-257-0008,,,,N/A,No website,,osm
Law Offices of Matthew S Schultz PC,Phoenix,,,,,,,,N/A,No website,,osm
Roeschke Law LLC,Phoenix,,,,,,,,N/A,No website,,osm
Law Office of Ronald Kossack,Phoenix,,,,,,,,N/A,No website,,osm
The Peterson Law Firm,Phoenix,,,,,,,,N/A,No website,,osm
Law Offices of Jesse D Cook PLC,Phoenix,,,,,,,,N/A,No website,,osm
Law Office of Jami M Cornish PLLC,Phoenix,,,,,,,,N/A,No website,,osm
Suzette Lorrey-Wiggs PC,Phoenix,,,,,,,,N/A,No website,,osm
Reynolds Law Firm PLLC,Phoenix,,,,,,,,N/A,No website,,osm
Kewenvoyouma Law PLLC,Phoenix,,,,,,,,N/A,No website,,osm
The Weingart Firm,Phoenix,,,,,,,,N/A,No website,,osm
Weingart Family Law Firm,Phoenix,,,,,,,,N/A,No website,,osm
Yaser Ali Law,Phoenix,,,,,,,,N/A,No website,,osm
Cook Law Office PLLC,Phoenix,,,,,,,,N/A,No website,,osm
Morgan Law Offices,Phoenix,,,,,,,,N/A,No website,,osm
Houk Law Firm,Phoenix,,,,,,,,N/A,No website,,osm
Fast Deed,Phoenix,,,,,,,,N/A,No website,,osm
Bala Legal Services,Phoenix,,,,,,,,N/A,No website,,osm
Parker Law Firm PLC,Phoenix,,,,,,,,N/A,No website,,osm
Price Law Group,Phoenix,,,,,,,,N/A,No website,,osm
Quach Law PLLC,Phoenix,,,,,,,,N/A,No website,,osm
Rock Law,Phoenix,,,,,,,,N/A,No website,,osm
Plattner Verderame PC,Phoenix,,,,,,,,N/A,No website,,osm
Law Office of Michael E Trauscht,Phoenix,,,,,,,,N/A,No website,,osm
James P. Cunningham,Phoenix,,,,,,,,N/A,No website,,osm
Petti & Briones PLLC,Phoenix,,,,,,,,N/A,No website,,osm
Lodmell & Lodmell,Phoenix,,,,,,,,N/A,No website,,osm
Boland Law Group PLLC,Phoenix,,,,,,,,N/A,No website,,osm
Sorrell Law Firm PLC,Phoenix,,,,,,,,N/A,No website,,osm
Titus Brueckner Spitler & Shelts PLC,Phoenix,,,,,,,,N/A,No website,,osm
Liberty Law,Phoenix,,,,,,,,N/A,No website,,osm
"Ceroni Law Firm, PLLC",Phoenix,,,,,,,,N/A,No website,,osm
"Paulsen & Reissner, PLLC",Glendale,AZ,17505 North 79th Avenue,85308,,,,,N/A,No website,,osm
The Sampair Group,Glendale,AZ,17235 North 75th Avenue,85308,,,,,N/A,No website,,osm
Lerner & Rowe Injury Attorneys,Phoenix,,,,,,,,N/A,No website,,osm
Wesbrooks Law Firm,Phoenix,,,,,,,,N/A,No website,,osm
Arizona Law Doctor,Phoenix,,,,,,,,N/A,No website,,osm
Jet Probate,Phoenix,,,,,,,,N/A,No website,,osm
Law Office of Michael S. DeFine,Phoenix,,,,,,,,N/A,No website,,osm
"Simonds Law Group, PLLC",Phoenix,,,,,,,,N/A,No website,,osm
Farley & Holmes PLLC,Phoenix,,,,,,,,N/A,No website,,osm
Luccitti Law Firm,Glendale,AZ,6751 North Sunset Boulevard,85305,,,,,N/A,No website,,osm
Hastings & Hastings,Phoenix,,,,,,,,N/A,No website,,osm
Abogado Attorney,Phoenix,AZ,2950 North 91st Avenue,85037,,,,,N/A,No website,,osm
Accident Law Group,Phoenix,AZ,1860 North 95th Lane,85037,,,,,N/A,No website,,osm
Budget Bail Bonds,Phoenix,,,,,,,,N/A,No website,,osm
"Harris, Powers & Cunningham, PLLC",Phoenix,,,,,,,,N/A,No website,,osm
Ortega Law Firm P.C.,Phoenix,,,,,,,,N/A,No website,,osm
"Law Office of Jillian N. Kong-Sivert, PLLC",Phoenix,,,,,,,,N/A,No website,,osm
"Davis Miles McGuire Gardner, PLLC",Phoenix,,,,,,,,N/A,No website,,osm
Rosenstein Law Group,Phoenix,,,,,,,,N/A,No website,,osm
Stone Rose Law,Phoenix,,,,,,,,N/A,No website,,osm
Camarena Law,Phoenix,,,,,,,,N/A,No website,,osm
Law Office of Osbaldo Barragan,Phoenix,,,,,,,,N/A,No website,,osm
The Isso Law Firm,Phoenix,,,,,,,,N/A,No website,,osm
Shaw Law Firm,Phoenix,,,,,,,,N/A,No website,,osm
Ewing & Ewing,Phoenix,,,,,,,,N/A,No website,,osm
Law Center,Phoenix,,,,,,,,N/A,No website,,osm
"Suzuki Law Offices, LLC",Phoenix,,,,,,,,N/A,No website,,osm
Lerner & Rowe,Phoenix,,,,,,,,N/A,No website,,osm
